"geoid","geography","name","short_name","latitude","longitude","population"
"50001","county","Addison County, Vermont","Addison",44.031248,-73.141581,36939
"50003","county","Bennington County, Vermont","Bennington",43.035325,-73.11146,35920
"50005","county","Caledonia County, Vermont","Caledonia",44.468791,-72.112168,30425
"50007","county","Chittenden County, Vermont","Chittenden",44.460676,73.070525,162052
"50009","county","Essex County, Vermont","Essex",44.724021,-71.732736,6208
"50011","county","Franklin County, Vermont","Franklin",44.858964,-72.909402,49025
"50013","county","Grand Isle County, Vermont","Grand Isle",44.801788,-73.300758,6965
"50015","county","Lamoille County, Vermont","Lamoille",44.603504,-72.638356,25268
"50017","county","Orange County, Vermont","Orange",44.003392,-72.369687,28937
"50019","county","Orleans County, Vermont","Orleans",44.828442,-72.25163,26911
"50021","county","Rutland County, Vermont","Rutland",43.580844,-73.038196,59273
"50023","county","Washington County, Vermont","Washington",44.274953,-72.609475,58477
"50025","county","Windham County, Vermont","Windham",42.999143,-72.716335,43150
"50027","county","Windsor County, Vermont","Windsor",43.588143,-72.591515,55427
